Res.Df,RSS,Df,Sum of Sq,F,Pr(>F)
990,68427.48576981213,NA,NA,NA,NA
988,67881.34724056488,2,546.1385292472551,3.9744708143759415,0.019090436458647067
