math_score,reading_score,writing_score
1,0.8175796636720541,0.8026420459498079
0.8175796636720541,1,0.9545980771462479
0.8026420459498079,0.9545980771462479,1
