Variable,N,Mean,Min,Max,SD,Skewness,Kurtosis
math_score,1000,66.089,0,100,15.163080096009452,-0.278516571914075,3.267597154614977
reading_score,1000,69.169,17,100,14.600191937252216,-0.25871569927829347,2.9260813852166874
writing_score,1000,68.054,10,100,15.19565701086965,-0.28900962452114176,2.9608079686883775
