Metric,Value
Skewness,0.026071764782258918
Kurtosis,2.628314052182494
