Term,GVIF,Df,GVIF_adj
reading_score,12.112188892434665,1,3.4802570152841676
writing_score,13.22281745101334,1,3.6363192174248593
parental_level_of_education,1.1310908868182417,5,1.0123944375570897
lunch,1.0900657933952353,1,1.0440621597372617
test_preparation_course,1.1951678714608611,1,1.0932373353763862
